{"s2":0.96153846153846156408,"s1":0.17749998721618745479,"ind2":0.10399999999999999523,"ind1":0.56338032226562495541,"rrg2":{"Channel":2,"RRG Gas":1,"RRG expence":2000,"Current Gas":0.70999997854232788086,"Current expence":1420,"description":"N2O, 1420,000 cм3 "},"rrg1":{"Channel":1,"RRG Gas":0.70999997854232788086,"RRG expence":2000,"Current Gas":0.25999999046325683594,"Current expence":732.39434814453125,"description":"SF6, 732,394 cм3 "}}